{
    "variables": {
        "tenant_id": "{{env `ARM_TENANT_ID`}}",
        "client_id": "{{env `ARM_CLIENT_ID`}}",
        "client_secret": "{{env `ARM_CLIENT_SECRET`}}",
        "resource_group": "{{env `ARM_RESOURCE_GROUP`}}",
        "storage_account": "{{env `ARM_STORAGE_ACCOUNT`}}",
        "subscription_id": "{{env `ARM_SUBSCRIPTION_ID`}}"
    },
    "builders": [
        {
            "type": "azure-arm",
            "client_id": "{{user `client_id`}}",
            "client_secret": "{{user `client_secret`}}",
            "resource_group_name": "{{user `resource_group`}}",
            "storage_account": "{{user `storage_account`}}",
            "subscription_id": "{{user `subscription_id`}}",
            "tenant_id": "{{user `tenant_id`}}",
            "capture_container_name": "images",
            "capture_name_prefix": "packer",
            "os_type": "Linux",
            "image_publisher": "Canonical",
            "image_offer": "UbuntuServer",
            "image_sku": "16.04-LTS",
            "azure_tags": {
                "dept": "Engineering",
                "task": "Image deployment"
            },
            "location": "West US",
            "vm_size": "Standard_DS2_v2",
            "managed_image_resource_group_name": "dev_images",
            "managed_image_name": "kong"
        }
    ],
    "provisioners": [
        {
            "type": "shell",
            "script": "base-setup.sh"
        }
    ]
}
